BucketID,BucketLabel,Count,Hits,HitRate
0,"[0m, 30m)",1230730,1111883,0.9034337344502856
1,"[30m, 1h)",65821,29574,0.4493094908919646
2,"[1h, 3h)",226953,173821,0.7658898538463911
3,"[3h, 6h)",136389,93916,0.6885892557317672
4,"[6h, 12h)",157812,109478,0.69372417813601
5,"[12h, +inf)",209587,194737,0.9291463688110426
