BucketID,BucketLabel,Count,Hits,HitRate
0,"[0m, 30m)",1230730,1020358,0.829067301520236
1,"[30m, 1h)",65821,14973,0.22748059130064874
2,"[1h, 3h)",226953,175281,0.7723229038611519
3,"[3h, 6h)",136389,98298,0.7207179464619581
4,"[6h, 12h)",157812,109384,0.69312853268446
5,"[12h, +inf)",209587,195838,0.9343995572244461
