BucketID,BucketLabel,Count,Hits,HitRate
0,"[0m, 30m)",1230730,1105241,0.8980369374273804
1,"[30m, 1h)",65821,30846,0.46863463028516733
2,"[1h, 3h)",226953,178041,0.7844840121082338
3,"[3h, 6h)",136389,95233,0.6982454596778332
4,"[6h, 12h)",157812,108436,0.6871213849390414
5,"[12h, +inf)",209587,194938,0.9301053977584488
