BucketID,BucketLabel,Count,Hits,HitRate
0,"[0m, 30m)",1230730,1058265,0.8598677207836
1,"[30m, 1h)",65821,17117,0.26005378222755654
2,"[1h, 3h)",226953,176496,0.777676435209052
3,"[3h, 6h)",136389,93716,0.6871228618143692
4,"[6h, 12h)",157812,114450,0.7252300205307581
5,"[12h, +inf)",209587,194687,0.9289078043962651
