BucketID,BucketLabel,Count,Hits,HitRate
0,"[0m, 30m)",1230730,1049652,0.8528694352132474
1,"[30m, 1h)",65821,16864,0.25621002415642424
2,"[1h, 3h)",226953,177362,0.781492203231506
3,"[3h, 6h)",136389,94108,0.6899969938924694
4,"[6h, 12h)",157812,113504,0.7192355460928193
5,"[12h, +inf)",209587,194860,0.9297332372713957
