Tag,N,RMSE,MAE,MAPE%,Bias,R2,HitOverall
90_lgb,2027292,19617.20444105167,6005.870764776907,2570.4470212261313,458.47463346734554,0.7830947003472215,0.7962010405999728
182_lgb,2027292,19548.388867434533,5772.343293764703,1624.9408937429482,337.5378183743694,0.7846138038715266,0.8162272627722105
full_lgb,2027292,19539.806421414032,5861.469452276068,1951.3699082355743,297.7298460037749,0.784802886933716,0.8120931765132995
