Tag,N,RMSE,MAE,MAPE%,Bias,R2,HitOverall
90_xgb,2027292,19613.102789733188,5786.155304635619,1719.3752046628492,-187.4377560824853,0.7831853938915471,0.844838829334896
182_xgb,2027292,19722.796734352516,5768.466587774848,1675.1432250108023,82.19386735968077,0.7807533709515082,0.8451712925419722
full_xgb,2027292,19622.093764697955,5731.305228180662,1823.2767659532662,-90.42320770842836,0.7829865654318757,0.8466772423508799
