Source,Tag,N,RMSE,MAE,MAPE%,Bias,R2,HitOverall
182_lgb,182_lgb,2027292,19548.388867434533,5772.343293764703,1624.9408937429482,337.5378183743694,0.7846138038715266,0.8162272627722105
182_xgb,182_xgb,2027292,19722.79673435252,5768.466587774848,1675.1432250108023,82.19386735968077,0.7807533709515082,0.8451712925419722
90_lgb,90_lgb,2027292,19617.20444105167,6005.870764776907,2570.4470212261317,458.4746334673456,0.7830947003472215,0.7962010405999728
90_xgb,90_xgb,2027292,19613.102789733188,5786.155304635619,1719.3752046628492,-187.4377560824853,0.7831853938915471,0.844838829334896
full_lgb,full_lgb,2027292,19539.806421414032,5861.469452276068,1951.3699082355745,297.7298460037749,0.784802886933716,0.8120931765132995
full_xgb,full_xgb,2027292,19622.093764697955,5731.305228180662,1823.2767659532665,-90.42320770842836,0.7829865654318757,0.8466772423508799
