BucketID,BucketLabel,Count,Hits,HitRate_full
0,"[0m, 30m)",1230730,1094189,0.8890569011887254
1,"[30m, 1h)",65821,19530,0.2967138147399766
2,"[1h, 3h)",226953,187127,0.824518732953519
3,"[3h, 6h)",136389,100327,0.7355945127539611
4,"[6h, 12h)",157812,107851,0.683414442501204
5,"[12h, +inf)",209587,194936,0.9300958551818577
