BucketID,BucketLabel,Count,Hits,HitRate_182
0,"[0m, 30m)",1230730,1105337,0.8981149399137097
1,"[30m, 1h)",65821,19093,0.2900745962534753
2,"[1h, 3h)",226953,177417,0.7817345441567197
3,"[3h, 6h)",136389,97404,0.7141631656511889
4,"[6h, 12h)",157812,112483,0.7127658226243885
5,"[12h, +inf)",209587,195331,0.9319805140586009
