BucketID,BucketLabel,Count,Hits,HitRate_90,HitRate_182,HitRate_full
0,"[0m, 30m)",1230730,1094507,0.889315284424691,0.8981149399137097,0.8890569011887254
1,"[30m, 1h)",65821,19151,0.2909557739931025,0.2900745962534753,0.2967138147399766
2,"[1h, 3h)",226953,181759,0.8008662586526726,0.7817345441567197,0.824518732953519
3,"[3h, 6h)",136389,97965,0.7182764005894904,0.7141631656511889,0.7355945127539611
4,"[6h, 12h)",157812,109737,0.6953653714546423,0.7127658226243885,0.683414442501204
5,"[12h, +inf)",209587,195783,0.9341371363681907,0.9319805140586009,0.9300958551818577
