BucketID,BucketLabel,Count,Hits,HitRate_90
0,"[0m, 30m)",1230730,1094507,0.889315284424691
1,"[30m, 1h)",65821,19151,0.2909557739931025
2,"[1h, 3h)",226953,181759,0.8008662586526726
3,"[3h, 6h)",136389,97965,0.7182764005894904
4,"[6h, 12h)",157812,109737,0.6953653714546423
5,"[12h, +inf)",209587,195783,0.9341371363681907
