Tag,N,RMSE,MAE,MAPE%,Bias,R2,HitOverall
full_xgb,2027292,19622.093764697955,5731.305228180662,1823.2767659532662,-90.42320770842836,0.7829865654318757,0.8466772423508799
