Tag,N,RMSE,MAE,MAPE%,Bias,R2,HitOverall
90_lgb,2027292,19617.20444105167,6005.870764776907,2570.4470212261313,458.47463346734554,0.7830947003472215,0.7962010405999728
