Tag,N,RMSE,MAE,MAPE%,Bias,R2,HitOverall
182_lgb,2027292,19548.388867434533,5772.343293764703,1624.9408937429482,337.5378183743694,0.7846138038715266,0.8162272627722105
