Tag,N,RMSE,MAE,MAPE%,Bias,R2,HitOverall
90_xgb,2027292,19613.102789733188,5786.155304635619,1719.3752046628492,-187.4377560824853,0.7831853938915471,0.844838829334896
