Tag,N,RMSE,MAE,MAPE%,Bias,R2,HitOverall
full_lgb,2027292,19539.806421414032,5861.469452276068,1951.3699082355743,297.7298460037749,0.784802886933716,0.8120931765132995
