Tag,N,RMSE,MAE,MAPE%,Bias,R2,HitOverall
182_xgb,2027292,19722.796734352516,5768.466587774848,1675.1432250108023,82.19386735968077,0.7807533709515082,0.8451712925419722
